ScheduledCutoffDays,PollTrendEndDays,Party,StanSeed,0%,1%,2%,3%,4%,5%,6%,7%,8%,9%,10%,11%,12%,13%,14%,15%,16%,17%,18%,19%,20%,21%,22%,23%,24%,25%,26%,27%,28%,29%,30%,31%,32%,33%,34%,35%,36%,37%,38%,39%,40%,41%,42%,43%,44%,45%,46%,47%,48%,49%,50%,51%,52%,53%,54%,55%,56%,57%,58%,59%,60%,61%,62%,63%,64%,65%,66%,67%,68%,69%,70%,71%,72%,73%,74%,75%,76%,77%,78%,79%,80%,81%,82%,83%,84%,85%,86%,87%,88%,89%,90%,91%,92%,93%,94%,95%,96%,97%,98%,99%,100%
903,941,#COMPLETE,,,,,,,,,,,,,,,,,,,,,,,,,,,,,,,,,,,,,,,,,,,,,,,,,,,,,,,,,,,,,,,,,,,,,,,,,,,,,,,,,,,,,,,,,,,,,,,,,,,,,,
903,941,@TPP,442865627,41.55,43.137,43.663,44.042,44.306,44.488,44.611,44.754,44.877,44.985,45.058,45.109,45.222,45.311,45.444,45.532,45.586,45.678,45.753,45.829,45.895,45.956,46.018,46.066,46.146,46.208,46.308,46.35,46.41,46.463,46.508,46.568,46.625,46.667,46.718,46.765,46.828,46.878,46.916,46.957,46.999,47.037,47.1,47.153,47.199,47.228,47.263,47.294,47.338,47.376,47.432,47.485,47.542,47.586,47.613,47.64,47.695,47.741,47.79,47.843,47.888,47.935,47.972,48.013,48.062,48.112,48.151,48.186,48.241,48.296,48.342,48.413,48.454,48.519,48.559,48.606,48.656,48.716,48.819,48.877,48.973,49.042,49.1,49.176,49.266,49.345,49.423,49.508,49.603,49.684,49.773,49.862,49.966,50.104,50.227,50.344,50.57,50.801,51.331,51.747,53.217
903,941,ALP FP,715285669,36.535,38.596,39.007,39.269,39.537,39.726,39.908,40.116,40.283,40.394,40.541,40.636,40.72,40.78,40.871,40.955,41.035,41.115,41.197,41.255,41.313,41.36,41.44,41.495,41.566,41.631,41.69,41.731,41.805,41.86,41.907,41.971,42.043,42.089,42.137,42.19,42.243,42.284,42.342,42.39,42.427,42.478,42.531,42.581,42.62,42.658,42.719,42.776,42.825,42.87,42.907,42.949,42.995,43.04,43.068,43.109,43.154,43.19,43.226,43.262,43.309,43.355,43.408,43.437,43.481,43.519,43.59,43.632,43.678,43.717,43.781,43.858,43.92,43.966,44.014,44.07,44.105,44.154,44.227,44.297,44.351,44.396,44.452,44.521,44.605,44.684,44.798,44.89,45.026,45.133,45.234,45.383,45.483,45.644,45.773,45.979,46.242,46.58,46.923,47.327,48.204
903,941,LNP FP,940798833,40.79,42.476,43.215,43.583,43.77,44.043,44.228,44.409,44.557,44.671,44.851,44.939,45.054,45.156,45.277,45.373,45.465,45.531,45.624,45.717,45.782,45.876,45.924,46.016,46.071,46.117,46.198,46.243,46.304,46.373,46.442,46.485,46.531,46.569,46.615,46.66,46.702,46.782,46.848,46.89,46.938,46.99,47.046,47.093,47.159,47.213,47.287,47.362,47.436,47.507,47.561,47.603,47.656,47.718,47.768,47.82,47.852,47.891,47.935,47.996,48.05,48.084,48.134,48.2,48.255,48.315,48.37,48.424,48.475,48.507,48.568,48.646,48.696,48.743,48.806,48.85,48.907,48.955,49.026,49.084,49.149,49.195,49.243,49.306,49.361,49.449,49.549,49.646,49.71,49.801,49.888,50.024,50.156,50.28,50.444,50.585,50.761,50.982,51.403,51.951,53.858
903,941,OTH FP,303141400,4.384,6.737,7.282,7.486,7.744,7.938,8.048,8.144,8.299,8.389,8.456,8.519,8.574,8.651,8.72,8.791,8.87,8.923,8.985,9.046,9.122,9.21,9.262,9.308,9.364,9.421,9.472,9.524,9.562,9.607,9.664,9.708,9.759,9.786,9.832,9.879,9.926,9.971,10.008,10.034,10.078,10.121,10.169,10.204,10.249,10.295,10.349,10.386,10.444,10.5,10.558,10.6,10.639,10.678,10.714,10.777,10.822,10.858,10.887,10.942,10.982,11.035,11.076,11.125,11.175,11.218,11.292,11.342,11.373,11.412,11.464,11.519,11.566,11.615,11.672,11.712,11.78,11.844,11.909,11.978,12.029,12.085,12.133,12.204,12.282,12.333,12.396,12.44,12.498,12.618,12.723,12.833,12.959,13.037,13.139,13.286,13.642,13.81,14.168,14.667,15.679
820,849,#COMPLETE,,,,,,,,,,,,,,,,,,,,,,,,,,,,,,,,,,,,,,,,,,,,,,,,,,,,,,,,,,,,,,,,,,,,,,,,,,,,,,,,,,,,,,,,,,,,,,,,,,,,,,
820,849,@TPP,299033446,41.909,43.112,43.411,43.688,43.944,44.106,44.219,44.373,44.514,44.617,44.717,44.819,44.879,44.942,45.0,45.054,45.115,45.166,45.218,45.297,45.347,45.403,45.443,45.493,45.543,45.608,45.646,45.69,45.749,45.809,45.85,45.895,45.938,45.985,46.034,46.092,46.134,46.175,46.216,46.247,46.291,46.327,46.365,46.412,46.463,46.503,46.545,46.589,46.632,46.676,46.704,46.731,46.786,46.827,46.876,46.917,46.967,47.005,47.033,47.073,47.12,47.155,47.195,47.24,47.276,47.323,47.362,47.408,47.458,47.499,47.552,47.607,47.662,47.723,47.774,47.816,47.854,47.892,47.949,48.022,48.075,48.111,48.183,48.237,48.283,48.371,48.444,48.499,48.544,48.624,48.766,48.863,48.987,49.105,49.203,49.341,49.481,49.721,49.963,50.287,51.412
820,849,ALP FP,835083614,37.543,38.719,39.18,39.435,39.599,39.763,39.9,40.043,40.15,40.241,40.359,40.446,40.549,40.629,40.688,40.779,40.859,40.908,40.967,41.041,41.098,41.158,41.228,41.279,41.322,41.37,41.417,41.47,41.517,41.583,41.624,41.676,41.717,41.753,41.799,41.843,41.886,41.913,41.939,41.98,42.013,42.044,42.113,42.154,42.184,42.227,42.264,42.315,42.353,42.403,42.445,42.491,42.537,42.567,42.608,42.637,42.67,42.708,42.757,42.806,42.845,42.89,42.937,42.963,43.023,43.051,43.09,43.127,43.172,43.213,43.283,43.334,43.37,43.431,43.501,43.545,43.586,43.649,43.71,43.757,43.82,43.886,43.946,44.005,44.059,44.116,44.159,44.246,44.303,44.363,44.446,44.543,44.644,44.752,44.865,44.971,45.078,45.243,45.438,45.886,47.259
820,849,LNP FP,724442688,43.592,44.515,44.999,45.314,45.487,45.643,45.741,45.884,45.999,46.092,46.185,46.276,46.351,46.455,46.512,46.594,46.654,46.707,46.79,46.845,46.908,46.985,47.04,47.08,47.127,47.18,47.24,47.284,47.331,47.382,47.424,47.47,47.517,47.572,47.626,47.67,47.708,47.748,47.789,47.831,47.865,47.908,47.945,48.001,48.045,48.096,48.141,48.183,48.225,48.273,48.306,48.35,48.383,48.438,48.472,48.514,48.545,48.567,48.616,48.659,48.709,48.766,48.82,48.87,48.912,48.947,49.005,49.043,49.069,49.108,49.141,49.188,49.227,49.267,49.31,49.368,49.435,49.482,49.538,49.586,49.623,49.677,49.732,49.807,49.876,49.919,50.003,50.094,50.165,50.266,50.365,50.465,50.582,50.703,50.821,51.003,51.164,51.282,51.523,52.047,53.507
820,849,OTH FP,1036018015,6.273,7.301,7.611,7.83,7.939,8.098,8.237,8.345,8.45,8.532,8.599,8.674,8.745,8.811,8.87,8.926,8.999,9.046,9.111,9.154,9.193,9.256,9.301,9.337,9.367,9.422,9.464,9.497,9.534,9.574,9.613,9.652,9.69,9.725,9.76,9.789,9.824,9.872,9.904,9.95,9.983,10.026,10.064,10.095,10.132,10.166,10.195,10.216,10.255,10.278,10.314,10.347,10.399,10.455,10.487,10.53,10.566,10.61,10.65,10.689,10.724,10.756,10.784,10.823,10.85,10.904,10.934,10.99,11.028,11.069,11.113,11.152,11.192,11.218,11.268,11.303,11.341,11.397,11.428,11.476,11.551,11.598,11.646,11.697,11.733,11.788,11.838,11.897,11.958,12.055,12.119,12.181,12.272,12.337,12.421,12.579,12.739,12.897,13.142,13.534,15.03
780,803,#COMPLETE,,,,,,,,,,,,,,,,,,,,,,,,,,,,,,,,,,,,,,,,,,,,,,,,,,,,,,,,,,,,,,,,,,,,,,,,,,,,,,,,,,,,,,,,,,,,,,,,,,,,,,
780,803,@TPP,1492721295,38.149,39.678,40.202,40.595,40.811,41.015,41.125,41.277,41.381,41.449,41.536,41.636,41.704,41.762,41.869,41.913,41.977,42.036,42.119,42.17,42.252,42.318,42.358,42.422,42.464,42.502,42.549,42.602,42.669,42.711,42.762,42.817,42.871,42.907,42.946,43.011,43.052,43.108,43.146,43.189,43.229,43.262,43.305,43.35,43.401,43.446,43.474,43.512,43.564,43.611,43.659,43.707,43.747,43.778,43.828,43.883,43.923,43.966,44.002,44.041,44.089,44.117,44.153,44.205,44.253,44.309,44.354,44.398,44.463,44.509,44.545,44.587,44.639,44.706,44.754,44.797,44.845,44.895,44.973,45.032,45.082,45.151,45.21,45.295,45.345,45.407,45.482,45.556,45.64,45.724,45.831,45.884,45.994,46.113,46.2,46.316,46.531,46.738,47.021,47.409,48.457
780,803,ALP FP,2052600587,32.764,34.163,34.684,35.122,35.488,35.738,35.887,36.011,36.126,36.265,36.331,36.44,36.55,36.666,36.734,36.805,36.872,36.943,36.997,37.056,37.119,37.168,37.218,37.289,37.345,37.393,37.444,37.507,37.555,37.594,37.645,37.688,37.733,37.792,37.851,37.898,37.947,38.01,38.054,38.095,38.131,38.178,38.209,38.266,38.33,38.371,38.43,38.476,38.518,38.561,38.607,38.651,38.697,38.75,38.795,38.849,38.879,38.925,38.961,39.012,39.063,39.103,39.148,39.196,39.234,39.274,39.339,39.39,39.438,39.475,39.519,39.572,39.635,39.672,39.728,39.804,39.847,39.877,39.949,40.011,40.084,40.165,40.209,40.277,40.335,40.425,40.477,40.557,40.656,40.734,40.822,40.899,41.046,41.169,41.328,41.49,41.714,41.916,42.283,42.808,44.142
780,803,GRN FP,455175662,0.221,0.573,0.797,0.94,1.044,1.112,1.168,1.228,1.264,1.301,1.357,1.43,1.47,1.511,1.575,1.615,1.657,1.694,1.726,1.764,1.801,1.833,1.858,1.88,1.899,1.929,1.944,1.974,2.002,2.029,2.058,2.077,2.106,2.121,2.14,2.159,2.174,2.198,2.221,2.237,2.257,2.282,2.302,2.322,2.34,2.359,2.382,2.415,2.434,2.455,2.482,2.507,2.54,2.559,2.579,2.606,2.625,2.642,2.668,2.691,2.711,2.734,2.756,2.772,2.794,2.821,2.836,2.854,2.879,2.905,2.926,2.95,2.973,2.99,3.017,3.041,3.068,3.096,3.13,3.157,3.18,3.215,3.238,3.278,3.313,3.342,3.376,3.41,3.457,3.493,3.53,3.599,3.635,3.679,3.771,3.84,3.93,4.023,4.19,4.401,5.258
780,803,LNP FP,1230884803,44.426,46.25,46.635,47.051,47.338,47.469,47.596,47.731,47.854,48.0,48.109,48.25,48.328,48.414,48.492,48.564,48.616,48.707,48.777,48.825,48.87,48.918,48.998,49.06,49.105,49.155,49.224,49.272,49.323,49.361,49.416,49.459,49.498,49.539,49.568,49.61,49.661,49.7,49.731,49.764,49.809,49.846,49.886,49.928,49.962,50.01,50.052,50.091,50.126,50.169,50.22,50.257,50.308,50.332,50.37,50.394,50.43,50.462,50.5,50.544,50.584,50.623,50.661,50.705,50.753,50.803,50.84,50.865,50.917,50.976,51.021,51.071,51.117,51.187,51.23,51.268,51.335,51.395,51.467,51.517,51.564,51.613,51.692,51.746,51.819,51.888,51.966,52.031,52.104,52.175,52.252,52.406,52.537,52.621,52.73,52.882,53.022,53.181,53.404,53.882,55.015
780,803,OTH FP,1007107547,4.705,5.956,6.392,6.566,6.722,6.824,6.974,7.09,7.2,7.302,7.393,7.487,7.562,7.628,7.702,7.794,7.867,7.919,7.992,8.057,8.095,8.131,8.182,8.232,8.299,8.342,8.405,8.448,8.493,8.543,8.59,8.619,8.655,8.706,8.741,8.802,8.84,8.876,8.919,8.963,9.009,9.043,9.064,9.116,9.166,9.214,9.253,9.287,9.318,9.355,9.392,9.429,9.487,9.517,9.543,9.583,9.619,9.67,9.713,9.761,9.809,9.835,9.875,9.915,9.962,10.0,10.053,10.097,10.141,10.18,10.21,10.247,10.294,10.347,10.383,10.411,10.454,10.503,10.545,10.587,10.65,10.71,10.763,10.829,10.879,10.943,11.02,11.104,11.167,11.27,11.376,11.459,11.57,11.654,11.759,11.906,12.095,12.204,12.529,12.992,14.35
741,754,#COMPLETE,,,,,,,,,,,,,,,,,,,,,,,,,,,,,,,,,,,,,,,,,,,,,,,,,,,,,,,,,,,,,,,,,,,,,,,,,,,,,,,,,,,,,,,,,,,,,,,,,,,,,,
741,754,@TPP,1175944285,40.251,41.039,41.368,41.551,41.694,41.826,41.955,42.086,42.155,42.213,42.275,42.33,42.375,42.426,42.468,42.536,42.57,42.623,42.657,42.697,42.747,42.78,42.834,42.863,42.894,42.926,42.953,42.992,43.027,43.057,43.091,43.124,43.154,43.193,43.219,43.245,43.271,43.297,43.334,43.361,43.378,43.4,43.428,43.457,43.505,43.529,43.559,43.583,43.613,43.643,43.666,43.694,43.723,43.744,43.771,43.804,43.833,43.852,43.884,43.933,43.96,43.983,44.033,44.062,44.092,44.118,44.144,44.18,44.214,44.249,44.284,44.313,44.354,44.388,44.43,44.468,44.518,44.554,44.584,44.631,44.664,44.705,44.745,44.789,44.836,44.883,44.943,45.004,45.053,45.107,45.174,45.24,45.302,45.386,45.485,45.587,45.703,45.844,46.006,46.369,47.078
741,754,ALP FP,1114843797,35.574,36.549,36.858,37.069,37.187,37.338,37.418,37.528,37.628,37.699,37.77,37.835,37.881,37.912,37.964,38.003,38.049,38.102,38.133,38.172,38.218,38.249,38.286,38.317,38.348,38.396,38.449,38.489,38.526,38.558,38.584,38.615,38.647,38.673,38.706,38.745,38.78,38.804,38.842,38.873,38.911,38.945,38.974,39.001,39.032,39.068,39.101,39.131,39.165,39.199,39.229,39.253,39.279,39.3,39.332,39.361,39.386,39.414,39.449,39.478,39.514,39.548,39.58,39.619,39.646,39.672,39.702,39.732,39.767,39.794,39.819,39.853,39.887,39.938,39.976,40.015,40.051,40.094,40.13,40.187,40.232,40.285,40.325,40.383,40.426,40.471,40.525,40.564,40.61,40.663,40.731,40.797,40.875,40.953,41.073,41.149,41.285,41.415,41.541,41.807,42.702
741,754,GRN FP,690889702,0.281,0.712,0.934,1.068,1.146,1.227,1.282,1.345,1.401,1.46,1.514,1.545,1.58,1.625,1.666,1.703,1.727,1.76,1.786,1.821,1.848,1.881,1.907,1.929,1.948,1.971,1.995,2.018,2.036,2.054,2.083,2.099,2.13,2.153,2.177,2.197,2.22,2.245,2.262,2.287,2.311,2.322,2.344,2.363,2.383,2.405,2.425,2.437,2.448,2.469,2.503,2.529,2.544,2.571,2.589,2.607,2.627,2.649,2.679,2.694,2.714,2.732,2.755,2.771,2.786,2.809,2.827,2.841,2.867,2.89,2.904,2.93,2.946,2.969,2.999,3.016,3.036,3.051,3.083,3.107,3.147,3.185,3.22,3.242,3.268,3.3,3.329,3.366,3.41,3.464,3.498,3.547,3.594,3.659,3.734,3.792,3.857,3.956,4.072,4.272,4.82
741,754,LNP FP,1414000256,47.583,48.291,48.574,48.784,48.918,49.0,49.118,49.217,49.286,49.354,49.397,49.477,49.53,49.595,49.633,49.709,49.744,49.791,49.835,49.873,49.921,49.958,49.996,50.02,50.067,50.093,50.116,50.159,50.181,50.205,50.244,50.283,50.304,50.329,50.363,50.393,50.425,50.457,50.49,50.521,50.555,50.586,50.613,50.645,50.684,50.705,50.742,50.767,50.792,50.822,50.848,50.866,50.902,50.931,50.946,50.967,50.991,51.031,51.056,51.079,51.108,51.139,51.161,51.197,51.236,51.263,51.288,51.326,51.355,51.392,51.429,51.455,51.489,51.516,51.556,51.588,51.62,51.655,51.694,51.728,51.763,51.824,51.874,51.923,51.954,52.0,52.037,52.09,52.148,52.215,52.276,52.321,52.433,52.501,52.622,52.717,52.85,52.973,53.101,53.395,54.165
741,754,OTH FP,1957536498,4.525,5.251,5.479,5.676,5.836,5.968,6.071,6.154,6.209,6.285,6.34,6.413,6.455,6.51,6.565,6.62,6.659,6.687,6.717,6.758,6.796,6.838,6.884,6.919,6.955,6.996,7.015,7.049,7.074,7.113,7.144,7.178,7.205,7.231,7.261,7.283,7.314,7.337,7.367,7.387,7.414,7.438,7.475,7.495,7.53,7.553,7.579,7.607,7.635,7.666,7.697,7.718,7.751,7.779,7.8,7.824,7.857,7.881,7.915,7.946,7.984,8.025,8.051,8.075,8.1,8.123,8.144,8.175,8.2,8.231,8.272,8.299,8.329,8.357,8.381,8.419,8.462,8.506,8.528,8.57,8.605,8.649,8.672,8.709,8.743,8.781,8.829,8.88,8.938,9.007,9.063,9.111,9.181,9.278,9.35,9.467,9.587,9.717,9.863,10.207,11.012
666,667,#COMPLETE,,,,,,,,,,,,,,,,,,,,,,,,,,,,,,,,,,,,,,,,,,,,,,,,,,,,,,,,,,,,,,,,,,,,,,,,,,,,,,,,,,,,,,,,,,,,,,,,,,,,,,
666,667,@TPP,2046850960,40.883,41.974,42.372,42.622,42.755,42.91,43.038,43.201,43.307,43.419,43.519,43.613,43.684,43.753,43.82,43.894,43.955,43.994,44.045,44.086,44.142,44.189,44.228,44.281,44.317,44.358,44.396,44.438,44.478,44.532,44.586,44.615,44.649,44.692,44.741,44.787,44.833,44.867,44.906,44.945,44.993,45.034,45.079,45.123,45.16,45.192,45.225,45.26,45.295,45.345,45.396,45.439,45.484,45.521,45.555,45.593,45.647,45.696,45.73,45.757,45.799,45.836,45.869,45.924,45.954,45.997,46.032,46.064,46.117,46.177,46.212,46.249,46.298,46.339,46.395,46.446,46.489,46.556,46.594,46.641,46.7,46.758,46.844,46.906,46.952,47.011,47.076,47.16,47.22,47.3,47.374,47.418,47.488,47.595,47.752,47.898,48.044,48.308,48.489,48.883,49.823
666,667,ALP FP,73868687,36.5,37.671,38.081,38.389,38.503,38.658,38.792,38.948,39.051,39.14,39.205,39.262,39.332,39.408,39.471,39.53,39.594,39.668,39.732,39.8,39.876,39.929,39.991,40.047,40.091,40.142,40.163,40.224,40.269,40.308,40.369,40.408,40.449,40.476,40.52,40.555,40.593,40.622,40.661,40.7,40.745,40.797,40.832,40.862,40.906,40.946,40.996,41.033,41.07,41.122,41.155,41.188,41.229,41.263,41.297,41.326,41.375,41.413,41.461,41.49,41.528,41.561,41.601,41.649,41.685,41.72,41.756,41.792,41.834,41.873,41.914,41.958,42.026,42.072,42.11,42.172,42.227,42.277,42.352,42.407,42.458,42.51,42.588,42.634,42.716,42.781,42.854,42.914,43.0,43.075,43.164,43.232,43.305,43.378,43.467,43.599,43.743,43.987,44.241,44.712,45.812
666,667,GRN FP,1942604898,0.005,0.018,0.032,0.05,0.069,0.085,0.105,0.129,0.16,0.19,0.212,0.236,0.265,0.293,0.316,0.36,0.399,0.434,0.48,0.535,0.606,0.68,0.786,0.86,0.958,1.036,1.084,1.151,1.24,1.305,1.365,1.441,1.54,1.611,1.687,1.731,1.792,1.904,1.967,2.036,2.092,2.147,2.191,2.239,2.318,2.387,2.441,2.504,2.564,2.622,2.686,2.751,2.785,2.839,2.884,2.954,3.028,3.101,3.165,3.245,3.324,3.361,3.413,3.489,3.56,3.622,3.674,3.749,3.822,3.886,3.939,4.001,4.077,4.162,4.234,4.301,4.361,4.44,4.494,4.578,4.687,4.775,4.848,4.961,5.038,5.166,5.27,5.383,5.476,5.593,5.703,5.82,5.976,6.21,6.432,6.654,6.917,7.277,7.595,8.362,9.705
666,667,LNP FP,555169712,44.906,45.469,46.057,46.34,46.579,46.794,46.944,47.083,47.218,47.337,47.439,47.544,47.635,47.692,47.774,47.85,47.92,47.988,48.068,48.121,48.18,48.242,48.313,48.372,48.411,48.454,48.509,48.547,48.608,48.655,48.711,48.76,48.818,48.886,48.931,48.966,49.01,49.051,49.092,49.16,49.196,49.257,49.305,49.366,49.392,49.438,49.484,49.529,49.563,49.616,49.657,49.699,49.748,49.795,49.856,49.887,49.912,49.942,49.974,50.014,50.058,50.11,50.16,50.197,50.244,50.288,50.336,50.389,50.416,50.481,50.53,50.578,50.625,50.682,50.748,50.801,50.837,50.891,50.96,51.04,51.11,51.177,51.23,51.281,51.35,51.408,51.473,51.568,51.63,51.685,51.749,51.853,51.928,52.003,52.103,52.197,52.388,52.55,53.003,53.46,54.651
666,667,OTH FP,1022394077,2.686,3.771,4.127,4.416,4.602,4.758,4.855,4.965,5.116,5.228,5.337,5.397,5.49,5.574,5.63,5.715,5.78,5.862,5.911,5.987,6.035,6.091,6.139,6.169,6.223,6.262,6.325,6.357,6.406,6.452,6.492,6.529,6.558,6.595,6.641,6.684,6.717,6.756,6.791,6.826,6.869,6.917,6.943,6.99,7.03,7.069,7.1,7.129,7.16,7.201,7.254,7.292,7.331,7.359,7.398,7.437,7.464,7.493,7.526,7.557,7.6,7.638,7.683,7.741,7.778,7.819,7.847,7.882,7.918,7.956,8.003,8.059,8.105,8.168,8.2,8.236,8.295,8.349,8.404,8.446,8.51,8.557,8.618,8.658,8.719,8.776,8.843,8.902,8.967,9.041,9.098,9.169,9.29,9.405,9.511,9.649,9.804,9.996,10.209,10.57,11.962
561,575,#COMPLETE,,,,,,,,,,,,,,,,,,,,,,,,,,,,,,,,,,,,,,,,,,,,,,,,,,,,,,,,,,,,,,,,,,,,,,,,,,,,,,,,,,,,,,,,,,,,,,,,,,,,,,
561,575,@TPP,1598921713,41.804,42.976,43.509,43.645,43.858,44.053,44.235,44.362,44.472,44.54,44.623,44.712,44.782,44.871,44.944,45.048,45.116,45.194,45.266,45.316,45.394,45.447,45.49,45.522,45.577,45.611,45.661,45.716,45.785,45.823,45.855,45.905,45.976,46.037,46.083,46.129,46.175,46.213,46.248,46.278,46.314,46.344,46.378,46.417,46.458,46.494,46.536,46.577,46.601,46.638,46.668,46.72,46.761,46.798,46.843,46.866,46.906,46.941,46.984,47.041,47.084,47.117,47.149,47.19,47.222,47.248,47.303,47.363,47.392,47.439,47.469,47.532,47.568,47.598,47.659,47.711,47.768,47.82,47.858,47.901,47.935,48.001,48.05,48.111,48.174,48.229,48.311,48.387,48.487,48.557,48.637,48.697,48.78,48.883,49.013,49.153,49.308,49.572,49.809,50.347,51.543
561,575,ALP FP,756099362,36.067,37.443,37.884,38.238,38.496,38.708,38.81,38.897,38.994,39.082,39.185,39.309,39.379,39.47,39.54,39.612,39.705,39.768,39.827,39.886,39.931,39.994,40.052,40.089,40.19,40.242,40.315,40.35,40.406,40.451,40.514,40.567,40.607,40.631,40.675,40.705,40.734,40.766,40.799,40.835,40.876,40.938,40.976,41.017,41.071,41.112,41.148,41.189,41.233,41.273,41.336,41.367,41.411,41.445,41.471,41.508,41.538,41.573,41.617,41.653,41.703,41.743,41.765,41.796,41.867,41.902,41.934,42.003,42.046,42.078,42.115,42.181,42.221,42.284,42.332,42.371,42.404,42.448,42.486,42.543,42.599,42.664,42.73,42.812,42.881,42.971,43.033,43.098,43.184,43.255,43.35,43.417,43.538,43.655,43.802,43.989,44.136,44.375,44.684,45.375,46.724
561,575,GRN FP,1271052295,0.002,0.008,0.018,0.028,0.048,0.063,0.077,0.091,0.107,0.129,0.154,0.177,0.204,0.235,0.258,0.29,0.321,0.345,0.386,0.424,0.455,0.497,0.557,0.632,0.73,0.805,0.899,0.972,1.043,1.126,1.182,1.252,1.339,1.42,1.491,1.553,1.625,1.706,1.798,1.864,1.943,2.003,2.097,2.173,2.22,2.315,2.409,2.463,2.549,2.621,2.668,2.745,2.794,2.859,2.912,3.013,3.075,3.167,3.239,3.319,3.395,3.489,3.558,3.619,3.741,3.811,3.865,3.956,4.043,4.119,4.205,4.281,4.392,4.442,4.529,4.591,4.648,4.7,4.83,4.931,5.062,5.171,5.264,5.42,5.557,5.645,5.749,5.829,5.98,6.12,6.252,6.385,6.586,6.794,7.031,7.278,7.676,7.996,8.621,9.118,10.055
561,575,LNP FP,215399557,42.16,43.459,43.813,44.143,44.421,44.601,44.723,44.88,44.971,45.142,45.256,45.339,45.472,45.536,45.592,45.665,45.77,45.837,45.917,45.971,46.039,46.103,46.153,46.192,46.242,46.292,46.353,46.418,46.491,46.563,46.609,46.647,46.683,46.73,46.784,46.831,46.877,46.925,46.972,47.009,47.052,47.113,47.166,47.2,47.239,47.28,47.335,47.371,47.4,47.443,47.494,47.532,47.573,47.612,47.657,47.704,47.732,47.784,47.832,47.888,47.946,47.984,48.027,48.065,48.124,48.165,48.212,48.264,48.305,48.35,48.396,48.459,48.494,48.546,48.59,48.65,48.72,48.77,48.806,48.855,48.907,48.964,49.019,49.074,49.136,49.211,49.292,49.381,49.475,49.552,49.7,49.784,49.884,49.956,50.103,50.25,50.442,50.674,51.201,51.746,52.601
561,575,OTH FP,889847871,5.146,6.236,6.746,7.116,7.258,7.413,7.577,7.688,7.784,7.873,7.959,8.045,8.149,8.203,8.296,8.368,8.436,8.499,8.548,8.586,8.618,8.676,8.757,8.808,8.845,8.904,8.952,8.999,9.059,9.113,9.167,9.224,9.273,9.314,9.36,9.415,9.455,9.48,9.52,9.556,9.597,9.632,9.672,9.705,9.74,9.787,9.823,9.86,9.897,9.922,9.949,10.001,10.029,10.062,10.1,10.133,10.186,10.228,10.256,10.294,10.33,10.375,10.411,10.455,10.497,10.544,10.588,10.629,10.677,10.725,10.749,10.792,10.829,10.889,10.935,10.979,11.015,11.037,11.096,11.161,11.219,11.309,11.385,11.42,11.512,11.575,11.652,11.728,11.799,11.887,11.954,12.023,12.167,12.295,12.412,12.56,12.755,12.9,13.287,13.811,15.158
465,483,#COMPLETE,,,,,,,,,,,,,,,,,,,,,,,,,,,,,,,,,,,,,,,,,,,,,,,,,,,,,,,,,,,,,,,,,,,,,,,,,,,,,,,,,,,,,,,,,,,,,,,,,,,,,,
465,483,@TPP,2140080848,44.803,45.846,46.237,46.54,46.701,46.827,46.963,47.118,47.242,47.365,47.436,47.515,47.583,47.67,47.744,47.833,47.897,47.987,48.039,48.105,48.174,48.236,48.263,48.315,48.373,48.407,48.457,48.528,48.567,48.617,48.664,48.715,48.763,48.813,48.847,48.875,48.924,48.963,49.003,49.038,49.071,49.106,49.155,49.191,49.233,49.281,49.33,49.361,49.401,49.433,49.475,49.504,49.552,49.603,49.633,49.669,49.715,49.757,49.807,49.856,49.892,49.933,49.969,50.005,50.042,50.075,50.116,50.17,50.213,50.268,50.304,50.336,50.375,50.433,50.493,50.545,50.577,50.616,50.65,50.687,50.749,50.796,50.848,50.914,50.979,51.018,51.117,51.186,51.258,51.344,51.409,51.505,51.612,51.739,51.87,52.007,52.197,52.442,52.717,53.188,54.201
465,483,ALP FP,1330980207,38.468,39.445,39.877,40.108,40.271,40.456,40.592,40.725,40.871,40.968,41.034,41.134,41.213,41.275,41.374,41.456,41.52,41.567,41.628,41.692,41.75,41.797,41.847,41.885,41.94,41.986,42.013,42.069,42.107,42.189,42.224,42.272,42.308,42.352,42.38,42.422,42.461,42.491,42.529,42.586,42.623,42.663,42.695,42.735,42.774,42.821,42.863,42.901,42.94,42.962,42.997,43.032,43.08,43.106,43.15,43.187,43.227,43.29,43.313,43.343,43.366,43.409,43.445,43.48,43.513,43.57,43.603,43.643,43.682,43.734,43.772,43.811,43.861,43.886,43.938,43.987,44.045,44.104,44.164,44.205,44.269,44.329,44.371,44.434,44.506,44.566,44.664,44.76,44.856,44.947,45.029,45.101,45.172,45.283,45.371,45.499,45.672,45.864,46.136,46.553,47.812
465,483,GRN FP,957240723,0.0,0.001,0.003,0.005,0.009,0.014,0.02,0.027,0.039,0.05,0.065,0.074,0.091,0.106,0.119,0.136,0.172,0.194,0.226,0.266,0.293,0.345,0.384,0.428,0.477,0.569,0.707,0.804,0.919,1.008,1.094,1.194,1.263,1.357,1.426,1.51,1.563,1.61,1.68,1.768,1.885,1.991,2.095,2.159,2.244,2.317,2.433,2.521,2.618,2.678,2.772,2.886,2.946,3.036,3.131,3.264,3.364,3.505,3.606,3.74,3.81,3.873,3.941,4.009,4.079,4.177,4.234,4.4,4.507,4.571,4.673,4.751,4.892,4.983,5.115,5.195,5.256,5.428,5.557,5.647,5.774,5.914,6.044,6.207,6.353,6.513,6.71,6.858,6.983,7.169,7.358,7.6,7.875,8.188,8.401,8.591,8.972,9.416,10.068,11.164,13.761
465,483,LNP FP,1606683033,38.674,40.087,40.516,40.882,41.03,41.138,41.276,41.443,41.546,41.68,41.779,41.892,41.964,42.024,42.088,42.185,42.262,42.333,42.433,42.492,42.546,42.61,42.656,42.714,42.789,42.867,42.913,42.965,43.009,43.08,43.147,43.193,43.245,43.291,43.327,43.375,43.43,43.481,43.524,43.56,43.592,43.643,43.697,43.75,43.795,43.835,43.887,43.929,43.995,44.041,44.086,44.124,44.165,44.23,44.282,44.311,44.351,44.403,44.45,44.497,44.546,44.592,44.641,44.68,44.719,44.759,44.811,44.842,44.909,44.97,45.016,45.063,45.1,45.154,45.206,45.259,45.323,45.387,45.434,45.52,45.6,45.703,45.752,45.798,45.873,45.925,46.005,46.094,46.196,46.302,46.415,46.534,46.621,46.708,46.89,47.006,47.307,47.545,47.849,48.192,49.847
465,483,OTH FP,845082818,6.66,7.728,8.004,8.387,8.585,8.744,8.874,8.999,9.201,9.299,9.406,9.474,9.578,9.654,9.727,9.775,9.842,9.913,9.957,10.006,10.062,10.129,10.182,10.237,10.303,10.346,10.397,10.442,10.495,10.536,10.592,10.626,10.692,10.726,10.76,10.797,10.842,10.878,10.925,10.971,11.011,11.049,11.102,11.137,11.161,11.193,11.235,11.286,11.343,11.384,11.428,11.462,11.502,11.539,11.583,11.616,11.66,11.689,11.721,11.762,11.809,11.859,11.918,11.956,11.993,12.028,12.067,12.097,12.132,12.177,12.206,12.251,12.309,12.36,12.413,12.475,12.518,12.566,12.61,12.654,12.716,12.774,12.816,12.879,12.964,13.026,13.112,13.168,13.257,13.335,13.413,13.487,13.616,13.73,13.854,14.013,14.173,14.394,14.653,15.072,16.275
378,394,#COMPLETE,,,,,,,,,,,,,,,,,,,,,,,,,,,,,,,,,,,,,,,,,,,,,,,,,,,,,,,,,,,,,,,,,,,,,,,,,,,,,,,,,,,,,,,,,,,,,,,,,,,,,,
378,394,@TPP,1781603400,44.213,45.358,45.865,46.131,46.308,46.479,46.656,46.759,46.897,46.995,47.135,47.211,47.266,47.331,47.418,47.501,47.574,47.648,47.708,47.75,47.806,47.884,47.938,48.011,48.077,48.126,48.168,48.226,48.278,48.325,48.367,48.412,48.458,48.495,48.541,48.595,48.643,48.682,48.75,48.784,48.826,48.873,48.905,48.937,48.977,49.027,49.06,49.11,49.143,49.197,49.225,49.259,49.294,49.332,49.366,49.398,49.444,49.477,49.506,49.549,49.587,49.63,49.678,49.723,49.764,49.801,49.84,49.885,49.932,49.987,50.031,50.076,50.117,50.156,50.216,50.279,50.331,50.372,50.426,50.493,50.559,50.604,50.661,50.708,50.752,50.838,50.897,50.957,51.027,51.074,51.159,51.274,51.381,51.53,51.627,51.731,51.921,52.183,52.417,52.809,53.979
378,394,ALP FP,884463414,36.398,37.774,38.262,38.563,38.724,38.843,38.976,39.095,39.237,39.39,39.473,39.588,39.696,39.794,39.845,39.912,39.982,40.049,40.107,40.175,40.223,40.272,40.328,40.384,40.42,40.458,40.517,40.555,40.587,40.625,40.678,40.724,40.784,40.83,40.865,40.92,40.969,41.005,41.036,41.073,41.096,41.145,41.173,41.2,41.237,41.283,41.327,41.371,41.433,41.479,41.515,41.55,41.591,41.645,41.687,41.718,41.761,41.811,41.862,41.897,41.934,41.968,42.005,42.049,42.088,42.129,42.165,42.212,42.26,42.3,42.339,42.38,42.427,42.472,42.529,42.586,42.652,42.702,42.762,42.82,42.868,42.94,43.007,43.063,43.124,43.185,43.267,43.344,43.403,43.502,43.568,43.64,43.701,43.856,43.953,44.15,44.322,44.553,44.853,45.209,46.017
378,394,GRN FP,1368456622,0.0,0.003,0.007,0.01,0.016,0.026,0.033,0.041,0.054,0.07,0.081,0.093,0.116,0.133,0.144,0.161,0.182,0.207,0.227,0.27,0.295,0.33,0.373,0.429,0.465,0.496,0.572,0.652,0.743,0.798,0.926,1.067,1.156,1.269,1.34,1.428,1.517,1.599,1.71,1.792,1.862,1.93,2.01,2.091,2.198,2.261,2.323,2.4,2.469,2.546,2.626,2.708,2.792,2.843,2.932,3.007,3.101,3.19,3.249,3.327,3.412,3.474,3.554,3.618,3.695,3.758,3.845,3.927,4.006,4.085,4.157,4.255,4.331,4.414,4.52,4.604,4.692,4.797,4.897,5.014,5.127,5.213,5.335,5.424,5.577,5.71,5.887,6.052,6.188,6.399,6.605,6.793,7.069,7.375,7.609,7.928,8.232,8.548,9.188,9.908,13.101
378,394,LNP FP,406432646,37.83,39.007,39.46,39.724,39.939,40.148,40.292,40.428,40.523,40.669,40.767,40.878,40.951,41.011,41.104,41.182,41.238,41.34,41.412,41.482,41.548,41.613,41.693,41.723,41.771,41.8,41.857,41.918,41.971,42.0,42.071,42.126,42.195,42.222,42.261,42.309,42.348,42.395,42.428,42.48,42.531,42.574,42.626,42.665,42.712,42.739,42.802,42.842,42.88,42.922,42.966,43.014,43.068,43.114,43.158,43.206,43.248,43.288,43.325,43.377,43.429,43.487,43.526,43.576,43.621,43.653,43.692,43.743,43.802,43.867,43.922,43.98,44.045,44.074,44.142,44.202,44.249,44.305,44.35,44.427,44.472,44.513,44.577,44.641,44.748,44.851,44.923,44.985,45.089,45.215,45.341,45.44,45.555,45.685,45.797,46.013,46.163,46.4,46.662,47.25,48.85
378,394,OTH FP,1034009227,9.23,10.607,10.927,11.222,11.449,11.597,11.737,11.89,12.017,12.074,12.183,12.277,12.397,12.482,12.552,12.607,12.685,12.79,12.84,12.891,12.959,13.028,13.073,13.136,13.203,13.253,13.299,13.337,13.4,13.431,13.484,13.517,13.558,13.592,13.635,13.664,13.699,13.756,13.802,13.848,13.895,13.936,13.972,14.01,14.05,14.087,14.127,14.167,14.211,14.254,14.283,14.321,14.365,14.399,14.443,14.493,14.536,14.573,14.606,14.648,14.681,14.716,14.758,14.807,14.849,14.887,14.919,14.974,15.017,15.068,15.105,15.144,15.186,15.231,15.265,15.308,15.36,15.413,15.46,15.514,15.553,15.615,15.684,15.743,15.802,15.864,15.948,16.008,16.083,16.184,16.267,16.323,16.447,16.534,16.65,16.792,16.999,17.193,17.371,17.821,19.141
300,302,#COMPLETE,,,,,,,,,,,,,,,,,,,,,,,,,,,,,,,,,,,,,,,,,,,,,,,,,,,,,,,,,,,,,,,,,,,,,,,,,,,,,,,,,,,,,,,,,,,,,,,,,,,,,,
300,302,@TPP,877562329,43.988,45.154,45.547,45.773,45.979,46.128,46.261,46.364,46.528,46.618,46.692,46.813,46.884,47.014,47.085,47.134,47.208,47.269,47.336,47.392,47.456,47.505,47.584,47.642,47.716,47.781,47.833,47.874,47.91,47.961,48.011,48.079,48.127,48.157,48.199,48.246,48.294,48.334,48.369,48.409,48.461,48.505,48.542,48.584,48.624,48.673,48.705,48.755,48.791,48.84,48.872,48.907,48.947,48.986,49.013,49.058,49.099,49.134,49.187,49.232,49.271,49.32,49.382,49.426,49.452,49.496,49.545,49.599,49.636,49.676,49.716,49.769,49.822,49.874,49.945,49.993,50.044,50.087,50.13,50.187,50.249,50.292,50.355,50.409,50.484,50.579,50.668,50.761,50.852,50.922,50.995,51.097,51.207,51.317,51.496,51.637,51.819,52.012,52.306,52.688,54.002
300,302,ALP FP,573050959,35.386,36.766,37.193,37.539,37.733,37.879,37.997,38.105,38.203,38.292,38.372,38.448,38.525,38.627,38.715,38.806,38.908,38.99,39.054,39.136,39.201,39.257,39.311,39.354,39.408,39.453,39.51,39.564,39.6,39.655,39.687,39.731,39.765,39.796,39.835,39.885,39.935,39.966,40.026,40.076,40.149,40.182,40.22,40.261,40.296,40.321,40.362,40.413,40.459,40.513,40.542,40.577,40.623,40.659,40.713,40.742,40.796,40.831,40.872,40.909,40.94,40.992,41.04,41.072,41.122,41.166,41.21,41.271,41.311,41.35,41.406,41.45,41.495,41.538,41.588,41.65,41.708,41.77,41.828,41.878,41.936,42.002,42.057,42.119,42.177,42.224,42.303,42.374,42.465,42.551,42.645,42.755,42.854,42.972,43.05,43.189,43.345,43.53,43.847,44.187,45.055
300,302,GRN FP,742915824,0.001,0.005,0.011,0.017,0.029,0.039,0.05,0.061,0.076,0.094,0.115,0.136,0.175,0.21,0.241,0.278,0.321,0.378,0.436,0.474,0.559,0.67,0.74,0.814,0.902,0.991,1.063,1.154,1.24,1.354,1.434,1.518,1.616,1.721,1.806,1.873,1.953,2.032,2.079,2.14,2.202,2.29,2.359,2.421,2.493,2.57,2.666,2.73,2.796,2.856,2.922,3.004,3.061,3.157,3.25,3.351,3.416,3.48,3.56,3.624,3.71,3.811,3.912,3.997,4.088,4.147,4.223,4.293,4.412,4.495,4.662,4.745,4.843,4.916,5.017,5.092,5.17,5.249,5.321,5.471,5.589,5.68,5.79,5.919,6.031,6.137,6.247,6.398,6.531,6.67,6.767,6.916,7.088,7.321,7.542,7.765,8.061,8.43,9.316,10.148,12.321
300,302,LNP FP,389399206,36.803,38.44,38.851,39.158,39.425,39.644,39.82,39.942,40.019,40.126,40.238,40.361,40.447,40.552,40.664,40.716,40.778,40.832,40.887,40.954,41.028,41.089,41.14,41.195,41.241,41.284,41.33,41.368,41.418,41.471,41.505,41.538,41.584,41.635,41.692,41.737,41.796,41.833,41.886,41.925,41.968,42.001,42.049,42.083,42.148,42.192,42.227,42.282,42.321,42.362,42.412,42.447,42.498,42.536,42.574,42.631,42.686,42.73,42.782,42.831,42.874,42.924,42.972,43.045,43.094,43.143,43.185,43.239,43.291,43.334,43.405,43.464,43.508,43.559,43.613,43.663,43.705,43.745,43.789,43.845,43.883,43.931,44.002,44.062,44.17,44.239,44.293,44.376,44.473,44.565,44.644,44.796,44.907,44.998,45.152,45.27,45.448,45.635,46.004,46.439,47.841
300,302,OTH FP,758668329,9.505,11.357,11.988,12.274,12.511,12.676,12.8,12.888,13.044,13.157,13.28,13.379,13.475,13.544,13.596,13.67,13.752,13.836,13.914,13.973,14.04,14.109,14.169,14.206,14.248,14.29,14.347,14.394,14.438,14.492,14.531,14.568,14.6,14.654,14.688,14.724,14.754,14.807,14.867,14.906,14.966,15.003,15.054,15.1,15.14,15.185,15.222,15.256,15.286,15.319,15.362,15.399,15.434,15.487,15.516,15.546,15.572,15.607,15.657,15.687,15.714,15.745,15.799,15.835,15.873,15.92,15.965,15.988,16.028,16.081,16.119,16.173,16.231,16.283,16.342,16.385,16.459,16.497,16.533,16.596,16.634,16.67,16.747,16.823,16.869,16.921,17.001,17.087,17.183,17.247,17.322,17.44,17.549,17.641,17.769,17.883,18.036,18.236,18.553,19.026,20.044
210,210,#COMPLETE,,,,,,,,,,,,,,,,,,,,,,,,,,,,,,,,,,,,,,,,,,,,,,,,,,,,,,,,,,,,,,,,,,,,,,,,,,,,,,,,,,,,,,,,,,,,,,,,,,,,,,
210,210,@TPP,461045332,45.59,46.858,47.223,47.488,47.701,47.926,48.054,48.221,48.375,48.469,48.534,48.616,48.686,48.775,48.854,48.926,48.985,49.047,49.096,49.144,49.212,49.289,49.334,49.386,49.449,49.505,49.561,49.638,49.682,49.736,49.781,49.84,49.891,49.944,50.008,50.082,50.126,50.168,50.201,50.241,50.281,50.32,50.38,50.422,50.467,50.505,50.537,50.574,50.611,50.649,50.698,50.74,50.783,50.816,50.867,50.904,50.948,50.996,51.027,51.064,51.11,51.155,51.192,51.246,51.292,51.347,51.381,51.422,51.492,51.536,51.59,51.623,51.653,51.704,51.736,51.781,51.844,51.892,51.929,52.001,52.09,52.177,52.229,52.284,52.343,52.414,52.465,52.517,52.586,52.686,52.783,52.873,52.996,53.087,53.176,53.335,53.565,53.72,53.95,54.461,55.388
210,210,ALP FP,432520000,36.94,38.189,38.685,38.922,39.17,39.396,39.499,39.624,39.744,39.864,39.922,40.032,40.109,40.173,40.227,40.275,40.343,40.389,40.454,40.506,40.589,40.641,40.695,40.746,40.807,40.859,40.917,40.983,41.037,41.079,41.117,41.158,41.211,41.269,41.302,41.341,41.384,41.425,41.469,41.51,41.555,41.605,41.643,41.681,41.727,41.773,41.814,41.844,41.879,41.914,41.947,41.979,42.031,42.074,42.111,42.155,42.188,42.219,42.252,42.297,42.336,42.375,42.423,42.467,42.513,42.556,42.614,42.676,42.734,42.776,42.838,42.881,42.923,42.983,43.044,43.089,43.119,43.166,43.204,43.261,43.335,43.386,43.44,43.48,43.553,43.612,43.695,43.79,43.849,43.947,44.052,44.145,44.239,44.416,44.559,44.689,44.834,45.032,45.417,45.835,46.949
210,210,GRN FP,1984612504,0.0,0.0,0.002,0.003,0.006,0.009,0.012,0.016,0.021,0.029,0.038,0.047,0.056,0.071,0.09,0.105,0.117,0.135,0.162,0.184,0.205,0.226,0.26,0.307,0.343,0.384,0.456,0.528,0.613,0.727,0.848,1.005,1.114,1.228,1.333,1.418,1.501,1.63,1.697,1.827,1.906,2.026,2.123,2.206,2.282,2.382,2.459,2.535,2.669,2.735,2.86,3.027,3.136,3.234,3.323,3.423,3.532,3.612,3.717,3.839,3.914,4.031,4.123,4.212,4.321,4.435,4.578,4.638,4.739,4.849,4.955,5.057,5.188,5.349,5.457,5.583,5.664,5.78,5.897,6.029,6.185,6.369,6.491,6.601,6.79,6.944,7.063,7.313,7.46,7.632,7.837,7.993,8.241,8.481,8.778,9.2,9.52,10.11,10.616,11.472,13.941
210,210,LNP FP,331890424,35.528,36.658,37.068,37.322,37.595,37.784,37.903,38.057,38.251,38.369,38.434,38.503,38.611,38.689,38.743,38.82,38.931,39.003,39.069,39.132,39.234,39.288,39.344,39.408,39.458,39.533,39.581,39.628,39.683,39.729,39.795,39.833,39.881,39.943,39.99,40.037,40.083,40.12,40.162,40.208,40.245,40.296,40.331,40.364,40.41,40.462,40.514,40.538,40.582,40.622,40.662,40.707,40.737,40.785,40.84,40.899,40.946,40.995,41.041,41.089,41.119,41.178,41.222,41.275,41.32,41.375,41.436,41.495,41.529,41.576,41.625,41.687,41.723,41.793,41.867,41.919,41.968,42.038,42.095,42.164,42.224,42.299,42.356,42.408,42.483,42.578,42.653,42.759,42.853,42.923,43.014,43.085,43.189,43.282,43.389,43.563,43.737,43.987,44.445,44.921,47.036
210,210,OTH FP,1138114339,9.911,11.397,11.895,12.265,12.453,12.682,12.822,12.91,13.022,13.144,13.223,13.309,13.405,13.481,13.571,13.609,13.675,13.769,13.84,13.909,13.965,14.027,14.095,14.145,14.209,14.252,14.294,14.343,14.384,14.432,14.483,14.551,14.594,14.636,14.695,14.745,14.78,14.836,14.873,14.906,14.932,14.975,15.014,15.052,15.097,15.141,15.174,15.228,15.264,15.302,15.351,15.392,15.438,15.472,15.527,15.556,15.611,15.645,15.698,15.734,15.778,15.815,15.871,15.899,15.94,15.972,16.032,16.07,16.095,16.138,16.181,16.233,16.287,16.321,16.368,16.434,16.489,16.55,16.592,16.66,16.724,16.766,16.824,16.891,16.967,17.044,17.131,17.193,17.261,17.357,17.42,17.47,17.605,17.762,17.864,17.993,18.196,18.414,18.723,19.271,20.814
105,118,#COMPLETE,,,,,,,,,,,,,,,,,,,,,,,,,,,,,,,,,,,,,,,,,,,,,,,,,,,,,,,,,,,,,,,,,,,,,,,,,,,,,,,,,,,,,,,,,,,,,,,,,,,,,,
105,118,@TPP,800596289,44.975,46.408,46.726,46.99,47.26,47.467,47.615,47.749,47.862,47.979,48.058,48.132,48.206,48.293,48.37,48.439,48.484,48.532,48.603,48.654,48.714,48.787,48.835,48.891,48.942,48.977,49.03,49.086,49.139,49.196,49.231,49.275,49.329,49.361,49.403,49.439,49.492,49.536,49.587,49.627,49.685,49.726,49.777,49.813,49.863,49.901,49.943,49.981,50.015,50.054,50.103,50.159,50.185,50.222,50.255,50.302,50.332,50.369,50.392,50.438,50.47,50.513,50.549,50.591,50.619,50.662,50.699,50.733,50.785,50.813,50.877,50.95,51.003,51.048,51.103,51.162,51.21,51.268,51.321,51.38,51.426,51.483,51.545,51.605,51.652,51.72,51.815,51.877,51.974,52.06,52.124,52.266,52.353,52.452,52.582,52.708,52.887,53.142,53.398,53.833,55.753
105,118,ALP FP,1575578494,35.606,37.315,37.747,38.074,38.26,38.399,38.524,38.657,38.774,38.861,38.943,39.036,39.118,39.218,39.292,39.374,39.438,39.496,39.534,39.61,39.687,39.755,39.822,39.875,39.935,39.997,40.066,40.124,40.183,40.232,40.283,40.322,40.351,40.382,40.428,40.48,40.516,40.557,40.606,40.656,40.697,40.73,40.773,40.816,40.851,40.891,40.937,40.991,41.038,41.082,41.13,41.168,41.208,41.229,41.265,41.299,41.361,41.396,41.435,41.482,41.534,41.574,41.609,41.659,41.714,41.757,41.806,41.861,41.91,41.964,42.025,42.08,42.138,42.178,42.204,42.257,42.309,42.365,42.432,42.495,42.526,42.581,42.65,42.688,42.758,42.816,42.88,42.959,43.021,43.104,43.183,43.268,43.356,43.494,43.637,43.762,43.889,44.094,44.271,44.746,45.47
105,118,GRN FP,1001063072,0.019,0.097,0.134,0.169,0.194,0.223,0.257,0.283,0.321,0.348,0.369,0.409,0.45,0.473,0.501,0.57,0.625,0.674,0.752,0.798,0.857,0.919,0.973,1.034,1.08,1.13,1.168,1.21,1.254,1.312,1.351,1.38,1.427,1.477,1.507,1.541,1.591,1.615,1.652,1.693,1.722,1.762,1.804,1.832,1.869,1.918,1.959,2.012,2.066,2.105,2.157,2.187,2.23,2.277,2.309,2.345,2.391,2.43,2.472,2.508,2.544,2.585,2.639,2.673,2.703,2.744,2.786,2.822,2.848,2.918,2.974,2.995,3.045,3.102,3.14,3.188,3.237,3.29,3.331,3.381,3.446,3.504,3.565,3.623,3.693,3.771,3.828,3.917,4.012,4.083,4.176,4.312,4.406,4.535,4.687,4.79,4.96,5.105,5.405,6.066,7.136
105,118,LNP FP,1612891389,35.523,36.785,37.267,37.55,37.788,37.932,38.044,38.199,38.333,38.449,38.537,38.62,38.704,38.776,38.855,38.914,38.96,39.029,39.073,39.14,39.19,39.236,39.294,39.347,39.386,39.458,39.504,39.569,39.649,39.704,39.763,39.815,39.865,39.928,39.974,40.032,40.067,40.13,40.185,40.226,40.266,40.315,40.363,40.408,40.44,40.488,40.546,40.616,40.667,40.706,40.76,40.808,40.851,40.891,40.924,40.967,41.001,41.075,41.127,41.172,41.229,41.261,41.308,41.347,41.385,41.439,41.487,41.522,41.594,41.656,41.7,41.749,41.805,41.873,41.932,41.994,42.043,42.102,42.152,42.222,42.306,42.356,42.423,42.486,42.545,42.628,42.689,42.773,42.868,42.917,43.019,43.143,43.242,43.398,43.562,43.67,43.915,44.171,44.511,45.023,46.281
105,118,ONP FP,831781332,0.018,0.097,0.142,0.198,0.237,0.277,0.341,0.422,0.469,0.56,0.68,0.798,0.902,0.984,1.047,1.15,1.267,1.38,1.453,1.555,1.655,1.768,1.85,1.905,2.012,2.099,2.185,2.262,2.331,2.369,2.438,2.498,2.573,2.661,2.717,2.775,2.826,2.889,2.984,3.053,3.122,3.175,3.234,3.287,3.333,3.41,3.444,3.481,3.528,3.571,3.616,3.685,3.726,3.79,3.856,3.92,3.99,4.046,4.104,4.147,4.199,4.276,4.344,4.385,4.435,4.489,4.561,4.621,4.673,4.73,4.785,4.831,4.892,4.964,5.015,5.075,5.184,5.264,5.348,5.41,5.512,5.584,5.679,5.729,5.795,5.865,5.936,6.095,6.187,6.27,6.386,6.557,6.703,6.857,7.049,7.295,7.542,7.833,8.115,8.725,10.091
105,118,OTH FP,34522099,11.422,12.917,13.312,13.584,13.78,13.87,14.107,14.25,14.398,14.479,14.58,14.676,14.773,14.899,14.98,15.049,15.125,15.208,15.291,15.339,15.391,15.453,15.496,15.56,15.622,15.677,15.738,15.777,15.815,15.856,15.913,15.952,16.01,16.055,16.106,16.143,16.197,16.227,16.269,16.305,16.335,16.367,16.41,16.448,16.497,16.522,16.574,16.62,16.67,16.709,16.754,16.796,16.824,16.855,16.904,16.943,16.983,17.012,17.057,17.096,17.143,17.176,17.221,17.247,17.299,17.344,17.396,17.446,17.485,17.525,17.567,17.605,17.653,17.71,17.759,17.814,17.864,17.913,17.97,18.014,18.064,18.123,18.181,18.239,18.288,18.355,18.411,18.483,18.552,18.634,18.692,18.789,18.898,19.004,19.135,19.264,19.382,19.567,19.798,20.261,21.675
78,78,#COMPLETE,,,,,,,,,,,,,,,,,,,,,,,,,,,,,,,,,,,,,,,,,,,,,,,,,,,,,,,,,,,,,,,,,,,,,,,,,,,,,,,,,,,,,,,,,,,,,,,,,,,,,,
78,78,@TPP,322751191,45.724,46.526,47.004,47.291,47.481,47.636,47.781,47.91,48.0,48.092,48.161,48.239,48.348,48.412,48.489,48.56,48.617,48.679,48.749,48.83,48.888,48.959,49.005,49.06,49.103,49.142,49.2,49.244,49.289,49.328,49.379,49.404,49.442,49.494,49.525,49.558,49.603,49.639,49.687,49.73,49.783,49.813,49.855,49.9,49.969,50.021,50.053,50.081,50.124,50.154,50.192,50.255,50.286,50.319,50.356,50.391,50.425,50.468,50.521,50.569,50.614,50.654,50.697,50.735,50.771,50.838,50.904,50.936,50.98,51.056,51.088,51.125,51.167,51.235,51.261,51.31,51.366,51.428,51.49,51.549,51.607,51.662,51.71,51.759,51.815,51.867,51.952,52.008,52.086,52.15,52.23,52.342,52.447,52.566,52.687,52.812,52.936,53.15,53.354,54.031,55.322
78,78,ALP FP,1189157535,35.354,36.515,36.816,37.107,37.25,37.387,37.507,37.666,37.766,37.871,38.033,38.111,38.198,38.279,38.366,38.408,38.479,38.557,38.606,38.672,38.72,38.766,38.81,38.856,38.916,38.966,38.992,39.048,39.094,39.132,39.176,39.224,39.281,39.316,39.373,39.426,39.463,39.493,39.525,39.547,39.584,39.632,39.674,39.736,39.78,39.822,39.862,39.895,39.927,39.96,40.007,40.054,40.099,40.125,40.163,40.196,40.242,40.285,40.315,40.351,40.397,40.433,40.463,40.51,40.54,40.59,40.609,40.663,40.719,40.782,40.836,40.876,40.917,40.954,40.999,41.042,41.092,41.145,41.19,41.251,41.299,41.362,41.427,41.491,41.555,41.612,41.697,41.756,41.84,41.921,42.02,42.127,42.214,42.341,42.43,42.531,42.666,42.867,43.018,43.491,44.856
78,78,GRN FP,15783233,0.07,0.229,0.342,0.413,0.476,0.578,0.691,0.817,0.893,0.978,1.064,1.136,1.204,1.261,1.323,1.374,1.424,1.468,1.529,1.571,1.625,1.675,1.718,1.748,1.793,1.848,1.887,1.928,1.961,1.996,2.019,2.043,2.08,2.112,2.142,2.185,2.218,2.244,2.268,2.302,2.335,2.36,2.39,2.433,2.454,2.48,2.509,2.539,2.582,2.616,2.647,2.679,2.705,2.74,2.785,2.816,2.846,2.872,2.899,2.928,2.956,2.998,3.029,3.067,3.097,3.121,3.157,3.208,3.24,3.292,3.337,3.371,3.405,3.45,3.481,3.528,3.573,3.602,3.649,3.697,3.748,3.81,3.846,3.877,3.945,3.987,4.057,4.116,4.176,4.229,4.318,4.373,4.443,4.537,4.602,4.735,4.856,5.031,5.296,5.552,6.634
78,78,LNP FP,1240505686,34.429,35.494,35.974,36.242,36.398,36.614,36.783,36.88,37.014,37.147,37.217,37.307,37.386,37.476,37.542,37.636,37.705,37.768,37.825,37.889,37.92,37.985,38.051,38.118,38.188,38.265,38.317,38.383,38.416,38.457,38.527,38.564,38.62,38.662,38.702,38.743,38.788,38.819,38.864,38.91,38.965,38.993,39.031,39.065,39.122,39.17,39.216,39.265,39.295,39.336,39.382,39.43,39.474,39.512,39.561,39.607,39.634,39.684,39.719,39.761,39.79,39.82,39.855,39.912,39.95,40.004,40.04,40.088,40.124,40.19,40.261,40.319,40.384,40.423,40.476,40.527,40.592,40.637,40.685,40.742,40.791,40.846,40.893,40.961,41.027,41.09,41.17,41.227,41.287,41.408,41.489,41.568,41.638,41.742,41.863,42.087,42.21,42.383,42.583,42.965,44.662
78,78,ONP FP,1902156290,2.057,3.233,3.777,4.112,4.311,4.592,4.785,4.935,5.094,5.239,5.388,5.483,5.574,5.658,5.735,5.821,5.885,5.957,6.001,6.07,6.197,6.286,6.341,6.408,6.463,6.553,6.603,6.653,6.698,6.755,6.811,6.866,6.914,6.954,6.985,7.03,7.115,7.173,7.225,7.293,7.335,7.391,7.448,7.49,7.539,7.611,7.667,7.709,7.743,7.802,7.846,7.874,7.927,7.975,8.024,8.073,8.132,8.186,8.258,8.301,8.346,8.392,8.451,8.512,8.557,8.6,8.677,8.72,8.766,8.816,8.866,8.952,9.052,9.138,9.199,9.263,9.303,9.352,9.423,9.495,9.558,9.623,9.687,9.76,9.837,9.919,10.012,10.108,10.2,10.304,10.451,10.549,10.719,10.834,10.991,11.139,11.321,11.614,11.831,12.283,14.197
78,78,OTH FP,1024888758,13.761,15.144,15.578,15.789,15.97,16.12,16.238,16.34,16.492,16.555,16.633,16.737,16.829,16.892,16.96,17.025,17.078,17.163,17.241,17.297,17.346,17.386,17.456,17.502,17.543,17.606,17.663,17.719,17.755,17.793,17.838,17.88,17.938,17.957,17.998,18.043,18.087,18.134,18.161,18.193,18.238,18.281,18.328,18.36,18.378,18.42,18.467,18.505,18.552,18.614,18.651,18.699,18.741,18.77,18.824,18.869,18.894,18.925,18.969,19.005,19.04,19.079,19.123,19.172,19.206,19.246,19.281,19.312,19.354,19.434,19.469,19.512,19.554,19.601,19.631,19.684,19.751,19.798,19.835,19.875,19.963,20.014,20.066,20.138,20.19,20.257,20.318,20.431,20.523,20.585,20.711,20.795,20.929,21.015,21.108,21.251,21.416,21.62,21.845,22.338,23.741
28,29,#COMPLETE,,,,,,,,,,,,,,,,,,,,,,,,,,,,,,,,,,,,,,,,,,,,,,,,,,,,,,,,,,,,,,,,,,,,,,,,,,,,,,,,,,,,,,,,,,,,,,,,,,,,,,
28,29,@TPP,693702126,45.158,46.277,46.792,47.091,47.333,47.527,47.643,47.733,47.821,47.895,47.981,48.051,48.114,48.203,48.252,48.349,48.411,48.466,48.54,48.6,48.652,48.739,48.788,48.851,48.893,48.96,49.004,49.05,49.084,49.123,49.186,49.24,49.278,49.33,49.373,49.421,49.475,49.53,49.575,49.62,49.674,49.713,49.747,49.79,49.82,49.851,49.896,49.928,49.986,50.022,50.073,50.106,50.135,50.182,50.217,50.258,50.292,50.326,50.384,50.414,50.466,50.501,50.538,50.582,50.62,50.657,50.703,50.749,50.803,50.844,50.901,50.938,50.981,51.018,51.075,51.114,51.166,51.222,51.29,51.337,51.397,51.442,51.484,51.546,51.597,51.673,51.749,51.844,51.911,52.024,52.115,52.194,52.306,52.44,52.565,52.681,52.824,53.021,53.339,53.715,54.925
28,29,ALP FP,807071474,35.659,36.49,37.033,37.348,37.657,37.8,37.899,37.993,38.141,38.25,38.329,38.413,38.498,38.598,38.685,38.756,38.824,38.886,38.937,39.001,39.047,39.102,39.134,39.171,39.219,39.268,39.297,39.339,39.39,39.441,39.485,39.522,39.558,39.6,39.64,39.682,39.73,39.785,39.829,39.86,39.906,39.948,39.989,40.04,40.093,40.141,40.175,40.217,40.265,40.316,40.353,40.392,40.439,40.466,40.492,40.534,40.561,40.607,40.632,40.681,40.724,40.768,40.826,40.886,40.913,40.958,41.006,41.053,41.102,41.158,41.198,41.233,41.265,41.311,41.359,41.412,41.474,41.543,41.594,41.66,41.711,41.761,41.81,41.858,41.917,42.026,42.084,42.147,42.228,42.306,42.386,42.504,42.626,42.724,42.86,42.994,43.178,43.377,43.621,43.871,44.947
28,29,GRN FP,1196852121,0.061,0.125,0.195,0.245,0.283,0.338,0.398,0.443,0.474,0.533,0.621,0.706,0.796,0.87,0.931,0.996,1.045,1.075,1.12,1.155,1.192,1.241,1.289,1.363,1.389,1.445,1.475,1.507,1.546,1.585,1.625,1.66,1.71,1.749,1.791,1.82,1.863,1.889,1.929,1.961,1.991,2.018,2.057,2.09,2.137,2.157,2.197,2.226,2.258,2.3,2.333,2.363,2.398,2.43,2.459,2.487,2.516,2.569,2.609,2.641,2.673,2.702,2.75,2.788,2.829,2.861,2.908,2.939,2.984,3.019,3.059,3.094,3.147,3.187,3.236,3.288,3.329,3.385,3.426,3.46,3.505,3.562,3.592,3.646,3.699,3.765,3.828,3.902,3.954,4.042,4.105,4.239,4.337,4.419,4.486,4.581,4.72,4.95,5.147,5.643,6.759
28,29,LNP FP,2022409928,34.063,35.804,36.253,36.656,36.949,37.082,37.211,37.353,37.48,37.57,37.682,37.756,37.83,37.916,38.022,38.135,38.203,38.27,38.317,38.361,38.429,38.484,38.535,38.607,38.666,38.715,38.797,38.889,38.947,38.995,39.038,39.092,39.13,39.172,39.216,39.254,39.309,39.355,39.403,39.473,39.516,39.542,39.577,39.614,39.652,39.702,39.754,39.802,39.857,39.902,39.945,39.982,40.029,40.075,40.119,40.159,40.197,40.242,40.287,40.337,40.381,40.427,40.5,40.538,40.568,40.605,40.659,40.695,40.733,40.777,40.815,40.859,40.906,40.971,41.007,41.046,41.077,41.145,41.188,41.23,41.282,41.332,41.424,41.499,41.55,41.629,41.715,41.803,41.894,41.988,42.07,42.199,42.297,42.455,42.551,42.755,42.965,43.111,43.373,43.605,45.274
28,29,ONP FP,1607457969,2.435,4.402,4.826,5.239,5.476,5.751,5.873,6.017,6.192,6.341,6.485,6.575,6.648,6.719,6.816,6.879,6.947,7.041,7.117,7.189,7.292,7.353,7.411,7.464,7.526,7.585,7.66,7.699,7.775,7.824,7.869,7.93,7.985,8.033,8.086,8.146,8.212,8.257,8.294,8.354,8.399,8.442,8.498,8.531,8.585,8.637,8.708,8.778,8.836,8.89,8.937,8.978,9.022,9.052,9.1,9.15,9.197,9.241,9.298,9.35,9.385,9.437,9.495,9.545,9.59,9.646,9.694,9.717,9.752,9.799,9.838,9.89,9.948,9.995,10.074,10.12,10.183,10.261,10.344,10.419,10.486,10.534,10.621,10.662,10.784,10.852,10.942,11.065,11.156,11.256,11.377,11.514,11.688,11.847,12.001,12.153,12.406,12.628,12.972,13.494,14.713
28,29,OTH FP,1250040805,13.121,14.313,14.714,15.007,15.218,15.403,15.536,15.618,15.712,15.811,15.889,15.96,16.061,16.123,16.206,16.277,16.339,16.392,16.457,16.527,16.592,16.639,16.695,16.752,16.808,16.878,16.941,16.972,17.015,17.051,17.078,17.118,17.168,17.201,17.239,17.28,17.33,17.358,17.394,17.433,17.474,17.531,17.565,17.601,17.64,17.695,17.757,17.8,17.842,17.892,17.927,17.961,18.004,18.044,18.075,18.115,18.158,18.216,18.26,18.307,18.339,18.363,18.397,18.427,18.462,18.496,18.555,18.591,18.631,18.663,18.716,18.765,18.803,18.863,18.913,18.942,18.999,19.031,19.092,19.126,19.187,19.233,19.301,19.367,19.415,19.496,19.593,19.666,19.745,19.804,19.876,19.955,20.06,20.163,20.296,20.404,20.573,20.791,21.012,21.375,22.678
10,14,#COMPLETE,,,,,,,,,,,,,,,,,,,,,,,,,,,,,,,,,,,,,,,,,,,,,,,,,,,,,,,,,,,,,,,,,,,,,,,,,,,,,,,,,,,,,,,,,,,,,,,,,,,,,,
10,14,@TPP,103967391,47.645,49.011,49.366,49.528,49.762,49.88,50.017,50.189,50.334,50.442,50.515,50.595,50.7,50.759,50.884,50.934,51.006,51.061,51.116,51.182,51.259,51.321,51.371,51.432,51.474,51.527,51.563,51.611,51.667,51.705,51.739,51.779,51.825,51.859,51.902,51.942,51.977,52.018,52.042,52.079,52.121,52.149,52.175,52.208,52.263,52.294,52.323,52.354,52.389,52.432,52.477,52.507,52.545,52.587,52.614,52.654,52.705,52.748,52.803,52.852,52.888,52.928,52.971,53.001,53.029,53.059,53.095,53.132,53.174,53.236,53.269,53.312,53.347,53.379,53.418,53.461,53.522,53.583,53.638,53.683,53.743,53.804,53.872,53.941,54.004,54.066,54.119,54.202,54.273,54.337,54.423,54.489,54.593,54.741,54.894,54.997,55.156,55.345,55.625,56.095,57.334
10,14,ALP FP,1102681485,37.67,38.735,39.043,39.39,39.567,39.679,39.863,39.981,40.098,40.177,40.258,40.304,40.382,40.443,40.521,40.598,40.647,40.734,40.786,40.828,40.874,40.921,40.97,41.018,41.089,41.136,41.186,41.229,41.276,41.321,41.365,41.412,41.449,41.497,41.555,41.605,41.66,41.704,41.74,41.776,41.828,41.867,41.902,41.945,41.986,42.02,42.05,42.075,42.108,42.157,42.191,42.225,42.263,42.304,42.353,42.388,42.435,42.486,42.528,42.557,42.602,42.647,42.684,42.725,42.756,42.787,42.825,42.863,42.905,42.948,42.988,43.03,43.068,43.105,43.174,43.224,43.277,43.336,43.386,43.437,43.481,43.533,43.574,43.654,43.72,43.779,43.834,43.905,43.995,44.079,44.168,44.276,44.346,44.462,44.561,44.671,44.835,45.033,45.339,45.928,46.824
10,14,GRN FP,1779506153,0.042,0.108,0.167,0.204,0.236,0.265,0.299,0.335,0.384,0.436,0.46,0.527,0.6,0.655,0.708,0.773,0.839,0.894,0.966,1.023,1.082,1.13,1.164,1.21,1.25,1.313,1.365,1.408,1.455,1.501,1.518,1.557,1.598,1.657,1.681,1.725,1.745,1.773,1.828,1.875,1.899,1.929,1.962,2.001,2.025,2.058,2.091,2.15,2.177,2.217,2.246,2.283,2.315,2.335,2.374,2.412,2.442,2.483,2.521,2.547,2.582,2.612,2.638,2.673,2.707,2.737,2.784,2.823,2.878,2.924,2.952,2.997,3.029,3.064,3.113,3.147,3.174,3.22,3.271,3.319,3.378,3.432,3.476,3.535,3.591,3.642,3.683,3.744,3.814,3.891,3.96,4.045,4.136,4.226,4.35,4.475,4.613,4.743,5.001,5.348,6.768
10,14,LNP FP,902094933,31.68,33.685,34.059,34.331,34.479,34.758,34.886,35.02,35.14,35.235,35.3,35.422,35.475,35.536,35.608,35.679,35.729,35.796,35.864,35.937,35.997,36.042,36.102,36.136,36.2,36.242,36.297,36.345,36.384,36.437,36.494,36.531,36.581,36.611,36.658,36.708,36.76,36.796,36.828,36.875,36.912,36.96,36.997,37.043,37.079,37.111,37.151,37.196,37.247,37.278,37.315,37.351,37.393,37.455,37.494,37.534,37.564,37.595,37.637,37.664,37.699,37.729,37.778,37.836,37.872,37.909,37.967,38.014,38.068,38.137,38.173,38.204,38.255,38.311,38.375,38.448,38.486,38.533,38.588,38.639,38.68,38.753,38.82,38.891,38.958,39.012,39.073,39.163,39.236,39.312,39.409,39.57,39.674,39.77,39.907,40.067,40.256,40.448,40.799,41.19,42.468
10,14,ONP FP,1103810665,4.976,7.691,8.114,8.379,8.695,8.846,8.979,9.103,9.235,9.341,9.441,9.557,9.622,9.695,9.784,9.87,9.937,9.998,10.066,10.156,10.242,10.296,10.357,10.415,10.465,10.519,10.552,10.587,10.64,10.683,10.786,10.835,10.889,10.964,11.009,11.058,11.121,11.174,11.233,11.273,11.341,11.371,11.437,11.476,11.522,11.581,11.615,11.658,11.712,11.759,11.806,11.856,11.914,11.976,12.007,12.046,12.102,12.159,12.223,12.277,12.308,12.354,12.415,12.465,12.527,12.57,12.624,12.679,12.742,12.795,12.836,12.889,12.952,13.013,13.078,13.125,13.202,13.262,13.343,13.418,13.503,13.575,13.633,13.721,13.806,13.899,13.966,14.045,14.164,14.316,14.415,14.529,14.627,14.761,14.925,15.114,15.284,15.578,15.858,16.469,17.721
10,14,OTH FP,1339561592,13.718,15.529,15.9,16.201,16.383,16.555,16.696,16.805,16.915,17.065,17.168,17.237,17.326,17.378,17.417,17.47,17.526,17.6,17.662,17.705,17.756,17.808,17.858,17.904,17.945,18.008,18.059,18.125,18.17,18.225,18.255,18.29,18.329,18.372,18.408,18.451,18.511,18.543,18.586,18.616,18.666,18.699,18.737,18.773,18.8,18.842,18.88,18.918,18.954,19.005,19.042,19.073,19.106,19.142,19.174,19.215,19.251,19.306,19.34,19.384,19.424,19.462,19.503,19.546,19.589,19.633,19.673,19.722,19.756,19.803,19.861,19.934,19.97,20.014,20.066,20.11,20.157,20.19,20.234,20.288,20.342,20.393,20.457,20.519,20.566,20.631,20.711,20.781,20.848,20.931,21.013,21.089,21.166,21.279,21.446,21.565,21.756,21.942,22.2,22.523,23.627
6,6,#COMPLETE,,,,,,,,,,,,,,,,,,,,,,,,,,,,,,,,,,,,,,,,,,,,,,,,,,,,,,,,,,,,,,,,,,,,,,,,,,,,,,,,,,,,,,,,,,,,,,,,,,,,,,
6,6,@TPP,701125717,48.898,50.021,50.59,50.887,51.085,51.276,51.42,51.591,51.729,51.837,51.943,52.074,52.14,52.227,52.317,52.384,52.446,52.514,52.57,52.63,52.697,52.746,52.82,52.895,52.941,53.017,53.06,53.124,53.183,53.217,53.257,53.292,53.34,53.396,53.446,53.497,53.561,53.605,53.648,53.704,53.739,53.778,53.835,53.877,53.916,53.974,54.01,54.041,54.082,54.126,54.167,54.203,54.242,54.297,54.34,54.379,54.419,54.472,54.51,54.553,54.595,54.639,54.681,54.733,54.776,54.822,54.858,54.904,54.953,54.99,55.046,55.136,55.175,55.227,55.266,55.323,55.371,55.436,55.51,55.565,55.634,55.713,55.765,55.841,55.909,55.986,56.06,56.134,56.223,56.289,56.369,56.443,56.565,56.656,56.758,56.88,57.064,57.329,57.721,58.146,59.33
6,6,ALP FP,782318790,36.749,37.926,38.378,38.618,38.905,39.024,39.159,39.288,39.397,39.495,39.568,39.674,39.726,39.772,39.872,39.947,40.013,40.081,40.141,40.209,40.237,40.322,40.386,40.432,40.483,40.539,40.598,40.642,40.687,40.737,40.782,40.816,40.846,40.896,40.931,40.974,41.02,41.056,41.1,41.149,41.19,41.235,41.286,41.32,41.36,41.4,41.448,41.499,41.53,41.57,41.615,41.663,41.686,41.744,41.799,41.836,41.895,41.929,41.959,41.989,42.043,42.102,42.14,42.195,42.241,42.275,42.319,42.373,42.409,42.439,42.485,42.533,42.572,42.613,42.656,42.726,42.768,42.806,42.855,42.933,43.0,43.063,43.111,43.174,43.239,43.29,43.351,43.437,43.524,43.606,43.709,43.838,43.962,44.062,44.174,44.303,44.459,44.646,44.883,45.355,46.362
6,6,GRN FP,390069925,0.144,0.342,0.475,0.654,0.876,0.955,1.036,1.152,1.246,1.33,1.386,1.445,1.516,1.596,1.681,1.726,1.772,1.832,1.89,1.923,1.971,2.006,2.033,2.069,2.127,2.183,2.221,2.264,2.297,2.343,2.398,2.453,2.471,2.5,2.543,2.575,2.598,2.637,2.677,2.718,2.759,2.802,2.836,2.867,2.889,2.923,2.951,2.99,3.02,3.058,3.097,3.129,3.162,3.195,3.23,3.262,3.291,3.314,3.341,3.378,3.413,3.437,3.462,3.502,3.547,3.583,3.625,3.66,3.697,3.729,3.761,3.793,3.834,3.868,3.909,3.953,3.992,4.02,4.055,4.104,4.14,4.178,4.226,4.307,4.36,4.418,4.48,4.522,4.603,4.669,4.749,4.808,4.894,4.99,5.082,5.234,5.466,5.604,5.88,6.197,7.202
6,6,LNP FP,273930780,28.161,29.623,30.175,30.552,30.771,30.972,31.17,31.331,31.502,31.574,31.7,31.784,31.876,31.968,32.052,32.13,32.198,32.254,32.312,32.383,32.444,32.515,32.576,32.619,32.728,32.801,32.87,32.912,32.965,33.029,33.073,33.128,33.18,33.223,33.261,33.312,33.344,33.386,33.423,33.473,33.511,33.551,33.58,33.625,33.675,33.721,33.759,33.805,33.851,33.898,33.943,33.974,34.018,34.074,34.13,34.167,34.214,34.263,34.305,34.342,34.393,34.43,34.485,34.545,34.599,34.651,34.691,34.738,34.796,34.887,34.944,35.002,35.051,35.101,35.141,35.222,35.285,35.348,35.406,35.47,35.522,35.579,35.647,35.718,35.81,35.903,35.981,36.049,36.13,36.244,36.348,36.469,36.575,36.716,36.832,36.997,37.216,37.416,37.82,38.322,39.349
6,6,ONP FP,1600305396,8.532,10.006,10.497,10.808,11.128,11.346,11.533,11.698,11.842,11.994,12.12,12.194,12.261,12.337,12.422,12.509,12.562,12.629,12.711,12.79,12.856,12.928,13.04,13.115,13.175,13.232,13.31,13.353,13.43,13.49,13.55,13.595,13.689,13.744,13.799,13.831,13.874,13.937,13.991,14.047,14.089,14.123,14.154,14.216,14.247,14.296,14.328,14.383,14.428,14.484,14.52,14.559,14.618,14.647,14.723,14.766,14.802,14.836,14.896,14.952,15.013,15.061,15.108,15.155,15.205,15.258,15.31,15.374,15.42,15.482,15.549,15.6,15.648,15.7,15.757,15.813,15.868,15.93,15.999,16.062,16.111,16.177,16.245,16.319,16.415,16.51,16.573,16.686,16.776,16.854,16.987,17.103,17.226,17.36,17.563,17.74,17.951,18.246,18.507,19.036,20.376
6,6,OTH FP,286753643,17.066,18.211,18.679,18.982,19.254,19.491,19.693,19.836,19.958,20.04,20.142,20.204,20.273,20.366,20.477,20.526,20.616,20.702,20.765,20.821,20.905,20.956,21.004,21.071,21.14,21.188,21.24,21.319,21.383,21.421,21.477,21.525,21.582,21.626,21.665,21.689,21.726,21.789,21.823,21.867,21.912,21.956,21.991,22.026,22.07,22.119,22.158,22.193,22.234,22.284,22.32,22.361,22.385,22.416,22.45,22.489,22.535,22.576,22.62,22.655,22.685,22.732,22.777,22.835,22.881,22.937,22.976,23.038,23.081,23.131,23.179,23.228,23.256,23.325,23.384,23.447,23.482,23.526,23.598,23.638,23.692,23.742,23.801,23.871,23.943,24.003,24.077,24.151,24.225,24.351,24.442,24.539,24.673,24.83,24.936,25.11,25.286,25.603,25.729,26.06,26.735
1,2,#COMPLETE,,,,,,,,,,,,,,,,,,,,,,,,,,,,,,,,,,,,,,,,,,,,,,,,,,,,,,,,,,,,,,,,,,,,,,,,,,,,,,,,,,,,,,,,,,,,,,,,,,,,,,
1,2,@TPP,2045049704,50.148,51.12,51.489,51.637,51.83,51.927,52.001,52.088,52.149,52.243,52.298,52.342,52.394,52.441,52.499,52.547,52.586,52.634,52.686,52.717,52.756,52.802,52.834,52.866,52.889,52.915,52.949,52.992,53.02,53.06,53.091,53.109,53.131,53.173,53.205,53.236,53.262,53.289,53.323,53.358,53.385,53.415,53.445,53.468,53.496,53.523,53.552,53.577,53.594,53.628,53.654,53.682,53.701,53.724,53.759,53.793,53.818,53.852,53.892,53.934,53.984,54.008,54.045,54.082,54.112,54.15,54.179,54.211,54.231,54.259,54.296,54.326,54.36,54.386,54.415,54.447,54.482,54.523,54.568,54.605,54.635,54.673,54.72,54.775,54.823,54.854,54.907,54.955,55.009,55.053,55.121,55.173,55.216,55.291,55.359,55.436,55.544,55.68,55.871,56.148,56.738
1,2,ALP FP,471996914,36.807,37.696,37.894,38.059,38.213,38.294,38.371,38.461,38.538,38.6,38.662,38.703,38.77,38.826,38.865,38.913,38.946,38.997,39.043,39.087,39.121,39.144,39.187,39.22,39.253,39.286,39.322,39.351,39.378,39.409,39.444,39.488,39.518,39.56,39.597,39.624,39.658,39.688,39.716,39.752,39.777,39.814,39.846,39.867,39.897,39.928,39.959,39.986,40.02,40.039,40.059,40.079,40.103,40.138,40.161,40.188,40.201,40.236,40.261,40.291,40.314,40.332,40.358,40.395,40.436,40.458,40.496,40.519,40.549,40.577,40.602,40.629,40.674,40.711,40.739,40.774,40.811,40.838,40.889,40.928,40.966,41.008,41.056,41.099,41.142,41.191,41.246,41.313,41.383,41.421,41.47,41.536,41.596,41.668,41.741,41.868,41.964,42.184,42.36,42.723,43.261
1,2,GRN FP,1590644594,0.207,0.406,0.581,0.777,0.926,1.011,1.102,1.191,1.266,1.332,1.396,1.446,1.486,1.529,1.567,1.598,1.652,1.707,1.745,1.802,1.83,1.858,1.885,1.922,1.957,1.991,2.02,2.059,2.091,2.121,2.154,2.178,2.208,2.236,2.259,2.277,2.3,2.329,2.357,2.384,2.416,2.442,2.467,2.495,2.526,2.545,2.565,2.593,2.623,2.651,2.672,2.698,2.724,2.74,2.759,2.796,2.819,2.858,2.876,2.901,2.929,2.955,2.986,3.011,3.041,3.065,3.089,3.11,3.136,3.162,3.187,3.224,3.26,3.291,3.332,3.371,3.401,3.432,3.466,3.507,3.542,3.576,3.601,3.631,3.676,3.722,3.754,3.797,3.835,3.897,3.977,4.035,4.109,4.168,4.254,4.318,4.409,4.534,4.745,4.984,5.499
1,2,LNP FP,849675101,28.841,30.013,30.312,30.494,30.635,30.768,30.877,31.001,31.101,31.195,31.248,31.306,31.38,31.431,31.472,31.538,31.568,31.628,31.686,31.73,31.79,31.833,31.866,31.916,31.953,31.993,32.026,32.062,32.092,32.123,32.156,32.19,32.223,32.256,32.282,32.323,32.355,32.38,32.416,32.459,32.483,32.513,32.542,32.581,32.606,32.637,32.661,32.689,32.73,32.764,32.787,32.819,32.844,32.879,32.917,32.941,32.977,33.014,33.035,33.061,33.093,33.132,33.165,33.19,33.215,33.243,33.289,33.324,33.357,33.399,33.443,33.478,33.512,33.548,33.574,33.613,33.65,33.694,33.729,33.763,33.802,33.842,33.885,33.926,33.974,34.039,34.073,34.145,34.211,34.267,34.341,34.404,34.52,34.595,34.693,34.82,34.94,35.103,35.305,35.545,36.691
1,2,ONP FP,26335885,14.746,15.494,15.921,16.101,16.225,16.376,16.46,16.519,16.627,16.721,16.781,16.847,16.916,16.984,17.039,17.098,17.18,17.226,17.26,17.316,17.356,17.398,17.436,17.472,17.507,17.539,17.582,17.605,17.633,17.685,17.73,17.768,17.801,17.831,17.87,17.899,17.933,17.963,17.985,18.021,18.046,18.078,18.103,18.143,18.177,18.206,18.245,18.271,18.312,18.349,18.396,18.425,18.451,18.484,18.515,18.544,18.57,18.613,18.652,18.691,18.728,18.751,18.791,18.837,18.863,18.89,18.92,18.937,18.972,19.007,19.037,19.073,19.113,19.141,19.177,19.22,19.266,19.307,19.367,19.402,19.447,19.499,19.537,19.582,19.64,19.682,19.746,19.802,19.88,19.967,20.031,20.117,20.229,20.309,20.394,20.502,20.641,20.888,21.188,21.624,22.781
1,2,OTH FP,606851209,21.312,21.966,22.367,22.553,22.75,22.896,23.055,23.142,23.235,23.305,23.368,23.431,23.506,23.556,23.607,23.669,23.701,23.754,23.814,23.869,23.919,23.971,23.999,24.05,24.088,24.124,24.165,24.195,24.217,24.248,24.295,24.318,24.341,24.366,24.404,24.431,24.464,24.49,24.519,24.554,24.579,24.612,24.638,24.671,24.698,24.717,24.747,24.767,24.798,24.817,24.842,24.868,24.884,24.911,24.936,24.959,24.987,25.037,25.065,25.097,25.12,25.147,25.174,25.202,25.236,25.265,25.304,25.338,25.371,25.401,25.428,25.475,25.51,25.538,25.578,25.615,25.662,25.688,25.72,25.764,25.795,25.846,25.886,25.928,25.978,26.015,26.08,26.134,26.201,26.253,26.31,26.358,26.427,26.525,26.627,26.752,26.87,27.057,27.22,27.598,28.9
